what,kind,bundleId,bundleVersion,description,time
activated,editor,org.eclipse.jdt.ui,3.6.1.r361_v20100825-0800,"org.eclipse.jdt.ui.CompilationUnitEditor",1543074933231
activated,editor,org.eclipse.wst.xml.ui,1.1.104.v201103021532,"org.eclipse.wst.xml.ui.internal.tabletree.XMLMultiPageEditorPart",1543074959304
closed,editor,org.eclipse.jdt.ui,3.6.1.r361_v20100825-0800,"org.eclipse.jdt.ui.CompilationUnitEditor",1543074961365
activated,editor,org.eclipse.wst.xml.ui,1.1.104.v201103021532,"org.eclipse.wst.xml.ui.internal.tabletree.XMLMultiPageEditorPart",1543074962519
closed,editor,org.eclipse.wst.xml.ui,1.1.104.v201103021532,"org.eclipse.wst.xml.ui.internal.tabletree.XMLMultiPageEditorPart",1543074962519
activated,editor,org.eclipse.wst.xml.ui,1.1.104.v201103021532,"org.eclipse.wst.xml.ui.internal.tabletree.XMLMultiPageEditorPart",1543074964485
closed,editor,org.eclipse.wst.xml.ui,1.1.104.v201103021532,"org.eclipse.wst.xml.ui.internal.tabletree.XMLMultiPageEditorPart",1543074964500
activated,editor,org.eclipse.wst.xml.ui,1.1.104.v201103021532,"org.eclipse.wst.xml.ui.internal.tabletree.XMLMultiPageEditorPart",1543074965873
closed,editor,org.eclipse.wst.xml.ui,1.1.104.v201103021532,"org.eclipse.wst.xml.ui.internal.tabletree.XMLMultiPageEditorPart",1543074965873
activated,editor,org.eclipse.wst.xml.ui,1.1.104.v201103021532,"org.eclipse.wst.xml.ui.internal.tabletree.XMLMultiPageEditorPart",1543074967386
closed,editor,org.eclipse.wst.xml.ui,1.1.104.v201103021532,"org.eclipse.wst.xml.ui.internal.tabletree.XMLMultiPageEditorPart",1543074967386
activated,editor,org.eclipse.wst.xml.ui,1.1.104.v201103021532,"org.eclipse.wst.xml.ui.internal.tabletree.XMLMultiPageEditorPart",1543074968744
closed,editor,org.eclipse.wst.xml.ui,1.1.104.v201103021532,"org.eclipse.wst.xml.ui.internal.tabletree.XMLMultiPageEditorPart",1543074968744
activated,editor,org.eclipse.wst.xml.ui,1.1.104.v201103021532,"org.eclipse.wst.xml.ui.internal.tabletree.XMLMultiPageEditorPart",1543074969742
closed,editor,org.eclipse.wst.xml.ui,1.1.104.v201103021532,"org.eclipse.wst.xml.ui.internal.tabletree.XMLMultiPageEditorPart",1543074969742
activated,editor,org.eclipse.jdt.ui,3.6.1.r361_v20100825-0800,"org.eclipse.jdt.ui.CompilationUnitEditor",1543074971708
closed,editor,org.eclipse.wst.xml.ui,1.1.104.v201103021532,"org.eclipse.wst.xml.ui.internal.tabletree.XMLMultiPageEditorPart",1543074971708
activated,editor,org.eclipse.jdt.ui,3.6.1.r361_v20100825-0800,"org.eclipse.jdt.ui.CompilationUnitEditor",1543074974328
activated,editor,org.eclipse.jst.jsp.ui,1.1.504.v201103231819,"org.eclipse.jst.jsp.core.jspsource.source",1543074983878
activated,editor,org.eclipse.jdt.ui,3.6.1.r361_v20100825-0800,"org.eclipse.jdt.ui.CompilationUnitEditor",1543074986846
activated,editor,org.eclipse.jdt.ui,3.6.1.r361_v20100825-0800,"org.eclipse.jdt.ui.CompilationUnitEditor",1543074990543
activated,view,org.eclipse.ui.console,3.5.0.v20100526,"org.eclipse.ui.console.ConsoleView",1543074995147
activated,editor,org.eclipse.jdt.ui,3.6.1.r361_v20100825-0800,"org.eclipse.jdt.ui.CompilationUnitEditor",1543075065413
activated,editor,org.eclipse.jdt.ui,3.6.1.r361_v20100825-0800,"org.eclipse.jdt.ui.CompilationUnitEditor",1543075085156
activated,editor,org.eclipse.jdt.ui,3.6.1.r361_v20100825-0800,"org.eclipse.jdt.ui.CompilationUnitEditor",1543075091006
activated,editor,org.eclipse.jdt.ui,3.6.1.r361_v20100825-0800,"org.eclipse.jdt.ui.CompilationUnitEditor",1543075095686
activated,editor,org.eclipse.jdt.ui,3.6.1.r361_v20100825-0800,"org.eclipse.jdt.ui.CompilationUnitEditor",1543075104784
activated,editor,org.eclipse.jdt.ui,3.6.1.r361_v20100825-0800,"org.eclipse.jdt.ui.CompilationUnitEditor",1543075113850
activated,editor,org.eclipse.jdt.ui,3.6.1.r361_v20100825-0800,"org.eclipse.jdt.ui.CompilationUnitEditor",1543075117472
activated,editor,org.eclipse.jdt.ui,3.6.1.r361_v20100825-0800,"org.eclipse.jdt.ui.CompilationUnitEditor",1543075134807
activated,editor,org.eclipse.jdt.ui,3.6.1.r361_v20100825-0800,"org.eclipse.jdt.ui.CompilationUnitEditor",1543075137568
activated,editor,org.eclipse.jdt.ui,3.6.1.r361_v20100825-0800,"org.eclipse.jdt.ui.CompilationUnitEditor",1543075139427
activated,editor,org.eclipse.jdt.ui,3.6.1.r361_v20100825-0800,"org.eclipse.jdt.ui.CompilationUnitEditor",1543075142032
activated,editor,org.eclipse.jdt.ui,3.6.1.r361_v20100825-0800,"org.eclipse.jdt.ui.CompilationUnitEditor",1543075145264
activated,editor,org.eclipse.jdt.ui,3.6.1.r361_v20100825-0800,"org.eclipse.jdt.ui.CompilationUnitEditor",1543075148495
activated,editor,org.eclipse.jdt.ui,3.6.1.r361_v20100825-0800,"org.eclipse.jdt.ui.CompilationUnitEditor",1543075154642
activated,editor,org.eclipse.jdt.ui,3.6.1.r361_v20100825-0800,"org.eclipse.jdt.ui.CompilationUnitEditor",1543075168654
deactivated,workbench,org.eclipse.ui.workbench,3.6.1.M20100826-1330,"",1543075207604
activated,workbench,org.eclipse.ui.workbench,3.6.1.M20100826-1330,"",1543075207698
activated,editor,org.eclipse.jdt.ui,3.6.1.r361_v20100825-0800,"org.eclipse.jdt.ui.CompilationUnitEditor",1543075213160
activated,view,org.eclipse.ui.console,3.5.0.v20100526,"org.eclipse.ui.console.ConsoleView",1543075248891
opened,editor,org.eclipse.jdt.ui,3.6.1.r361_v20100825-0800,"org.eclipse.jdt.ui.CompilationUnitEditor",1543075296965
activated,editor,org.eclipse.jdt.ui,3.6.1.r361_v20100825-0800,"org.eclipse.jdt.ui.CompilationUnitEditor",1543075297043
activated,editor,org.eclipse.jdt.ui,3.6.1.r361_v20100825-0800,"org.eclipse.jdt.ui.CompilationUnitEditor",1543075310353
closed,editor,org.eclipse.jdt.ui,3.6.1.r361_v20100825-0800,"org.eclipse.jdt.ui.CompilationUnitEditor",1543075310353
deactivated,workbench,org.eclipse.ui.workbench,3.6.1.M20100826-1330,"",1543075347117
activated,workbench,org.eclipse.ui.workbench,3.6.1.M20100826-1330,"",1543075354404
deactivated,workbench,org.eclipse.ui.workbench,3.6.1.M20100826-1330,"",1543075355844
activated,workbench,org.eclipse.ui.workbench,3.6.1.M20100826-1330,"",1543075357661
activated,editor,org.eclipse.jdt.ui,3.6.1.r361_v20100825-0800,"org.eclipse.jdt.ui.CompilationUnitEditor",1543075371067
activated,editor,org.eclipse.jdt.ui,3.6.1.r361_v20100825-0800,"org.eclipse.jdt.ui.CompilationUnitEditor",1543075379587
activated,view,org.eclipse.ui.navigator.resources,3.4.201.M20100707-0800,"org.eclipse.ui.navigator.ProjectExplorer",1543077397285
opened,editor,org.eclipse.jdt.ui,3.6.1.r361_v20100825-0800,"org.eclipse.jdt.ui.CompilationUnitEditor",1543077404196
activated,editor,org.eclipse.jdt.ui,3.6.1.r361_v20100825-0800,"org.eclipse.jdt.ui.CompilationUnitEditor",1543077404242
activated,editor,org.eclipse.jdt.ui,3.6.1.r361_v20100825-0800,"org.eclipse.jdt.ui.CompilationUnitEditor",1543077417707
activated,editor,org.eclipse.jdt.ui,3.6.1.r361_v20100825-0800,"org.eclipse.jdt.ui.CompilationUnitEditor",1543077423922
activated,editor,org.eclipse.jdt.ui,3.6.1.r361_v20100825-0800,"org.eclipse.jdt.ui.CompilationUnitEditor",1543077439524
activated,view,org.eclipse.ui.console,3.5.0.v20100526,"org.eclipse.ui.console.ConsoleView",1543077445499
activated,editor,org.eclipse.jdt.ui,3.6.1.r361_v20100825-0800,"org.eclipse.jdt.ui.CompilationUnitEditor",1543077472389
activated,view,org.eclipse.ui.navigator.resources,3.4.201.M20100707-0800,"org.eclipse.ui.navigator.ProjectExplorer",1543077488038
deactivated,workbench,org.eclipse.ui.workbench,3.6.1.M20100826-1330,"",1543077511584
activated,view,org.eclipse.search,3.6.0.v20100520-0800,"org.eclipse.search.ui.views.SearchView",1543077522930
activated,workbench,org.eclipse.ui.workbench,3.6.1.M20100826-1330,"",1543077522977
executed,command,org.eclipse.search,3.6.0.v20100520-0800,"org.eclipse.search.ui.openSearchDialog",1543077523008
opened,editor,org.eclipse.wst.xml.ui,1.1.104.v201103021532,"org.eclipse.wst.xml.ui.internal.tabletree.XMLMultiPageEditorPart",1543077526270
error,log,,,"WTF: null part?!?",1543077526285
activated,editor,org.eclipse.wst.xml.ui,1.1.104.v201103021532,"org.eclipse.wst.xml.ui.internal.tabletree.XMLMultiPageEditorPart",1543077526426
executed,command,org.eclipse.ui,3.6.1.M20100826-1330,"org.eclipse.ui.file.saveAll",1543077568682
activated,view,org.eclipse.ui.console,3.5.0.v20100526,"org.eclipse.ui.console.ConsoleView",1543077570539
activated,view,org.eclipse.wst.server.ui,1.1.208.v20110427_1739,"org.eclipse.wst.server.ui.ServersView",1543077572988
activated,view,org.eclipse.ui.console,3.5.0.v20100526,"org.eclipse.ui.console.ConsoleView",1543077574019
activated,view,org.eclipse.wst.server.ui,1.1.208.v20110427_1739,"org.eclipse.wst.server.ui.ServersView",1543077587122
deactivated,workbench,org.eclipse.ui.workbench,3.6.1.M20100826-1330,"",1543077590556
activated,workbench,org.eclipse.ui.workbench,3.6.1.M20100826-1330,"",1543077600412
activated,view,org.eclipse.ui.console,3.5.0.v20100526,"org.eclipse.ui.console.ConsoleView",1543077600418
activated,view,org.eclipse.wst.server.ui,1.1.208.v20110427_1739,"org.eclipse.wst.server.ui.ServersView",1543077622534
activated,view,org.eclipse.ui.console,3.5.0.v20100526,"org.eclipse.ui.console.ConsoleView",1543077629353
activated,editor,org.eclipse.jdt.ui,3.6.1.r361_v20100825-0800,"org.eclipse.jdt.ui.CompilationUnitEditor",1543077647683
activated,view,org.eclipse.ui.console,3.5.0.v20100526,"org.eclipse.ui.console.ConsoleView",1543077653564
activated,editor,org.eclipse.jdt.ui,3.6.1.r361_v20100825-0800,"org.eclipse.jdt.ui.CompilationUnitEditor",1543077690788
activated,view,org.eclipse.ui.console,3.5.0.v20100526,"org.eclipse.ui.console.ConsoleView",1543077721741
activated,editor,org.eclipse.jdt.ui,3.6.1.r361_v20100825-0800,"org.eclipse.jdt.ui.CompilationUnitEditor",1543077722536
deactivated,workbench,org.eclipse.ui.workbench,3.6.1.M20100826-1330,"",1543077724205
activated,workbench,org.eclipse.ui.workbench,3.6.1.M20100826-1330,"",1543077725266
deactivated,workbench,org.eclipse.ui.workbench,3.6.1.M20100826-1330,"",1543077725500
activated,workbench,org.eclipse.ui.workbench,3.6.1.M20100826-1330,"",1543077726904
activated,view,org.eclipse.wst.server.ui,1.1.208.v20110427_1739,"org.eclipse.wst.server.ui.ServersView",1543077727169
activated,view,org.eclipse.ui.console,3.5.0.v20100526,"org.eclipse.ui.console.ConsoleView",1543077728074
activated,view,org.eclipse.wst.server.ui,1.1.208.v20110427_1739,"org.eclipse.wst.server.ui.ServersView",1543077741391
deactivated,workbench,org.eclipse.ui.workbench,3.6.1.M20100826-1330,"",1543077741594
activated,workbench,org.eclipse.ui.workbench,3.6.1.M20100826-1330,"",1543077742879
activated,view,org.eclipse.ui.console,3.5.0.v20100526,"org.eclipse.ui.console.ConsoleView",1543077742885
activated,editor,org.eclipse.jdt.ui,3.6.1.r361_v20100825-0800,"org.eclipse.jdt.ui.CompilationUnitEditor",1543077781485
activated,view,org.eclipse.ui.console,3.5.0.v20100526,"org.eclipse.ui.console.ConsoleView",1543077784652
activated,editor,org.eclipse.jdt.ui,3.6.1.r361_v20100825-0800,"org.eclipse.jdt.ui.CompilationUnitEditor",1543077810550
activated,editor,org.eclipse.jdt.ui,3.6.1.r361_v20100825-0800,"org.eclipse.jdt.ui.CompilationUnitEditor",1543077832112
activated,editor,org.eclipse.jdt.ui,3.6.1.r361_v20100825-0800,"org.eclipse.jdt.ui.CompilationUnitEditor",1543077850912
executed,command,org.eclipse.jdt.ui,3.6.1.r361_v20100825-0800,"org.eclipse.jdt.ui.edit.text.java.open.editor",1543077850943
activated,editor,org.eclipse.jdt.ui,3.6.1.r361_v20100825-0800,"org.eclipse.jdt.ui.CompilationUnitEditor",1543078110666
activated,editor,org.eclipse.jdt.ui,3.6.1.r361_v20100825-0800,"org.eclipse.jdt.ui.CompilationUnitEditor",1543078166259
activated,editor,org.eclipse.jdt.ui,3.6.1.r361_v20100825-0800,"org.eclipse.jdt.ui.CompilationUnitEditor",1543078178567
activated,editor,org.eclipse.jdt.ui,3.6.1.r361_v20100825-0800,"org.eclipse.jdt.ui.CompilationUnitEditor",1543078186430
closed,editor,org.eclipse.jdt.ui,3.6.1.r361_v20100825-0800,"org.eclipse.jdt.ui.CompilationUnitEditor",1543078193642
activated,editor,org.eclipse.jdt.ui,3.6.1.r361_v20100825-0800,"org.eclipse.jdt.ui.CompilationUnitEditor",1543078194734
activated,editor,org.eclipse.jdt.ui,3.6.1.r361_v20100825-0800,"org.eclipse.jdt.ui.CompilationUnitEditor",1543078203722
activated,editor,org.eclipse.jdt.ui,3.6.1.r361_v20100825-0800,"org.eclipse.jdt.ui.CompilationUnitEditor",1543078216405
activated,editor,org.eclipse.jdt.ui,3.6.1.r361_v20100825-0800,"org.eclipse.jdt.ui.CompilationUnitEditor",1543078228905
activated,editor,org.eclipse.jdt.ui,3.6.1.r361_v20100825-0800,"org.eclipse.jdt.ui.CompilationUnitEditor",1543078245566
activated,editor,org.eclipse.jdt.ui,3.6.1.r361_v20100825-0800,"org.eclipse.jdt.ui.CompilationUnitEditor",1543078247266
activated,editor,org.eclipse.jdt.ui,3.6.1.r361_v20100825-0800,"org.eclipse.jdt.ui.CompilationUnitEditor",1543078296432
activated,editor,org.eclipse.jdt.ui,3.6.1.r361_v20100825-0800,"org.eclipse.jdt.ui.CompilationUnitEditor",1543078297992
deactivated,workbench,org.eclipse.ui.workbench,3.6.1.M20100826-1330,"",1543078365251
activated,workbench,org.eclipse.ui.workbench,3.6.1.M20100826-1330,"",1543078366296
deactivated,workbench,org.eclipse.ui.workbench,3.6.1.M20100826-1330,"",1543078366530
activated,workbench,org.eclipse.ui.workbench,3.6.1.M20100826-1330,"",1543078368075
deactivated,workbench,org.eclipse.ui.workbench,3.6.1.M20100826-1330,"",1543078368122
activated,workbench,org.eclipse.ui.workbench,3.6.1.M20100826-1330,"",1543078369900
activated,view,org.eclipse.ui.console,3.5.0.v20100526,"org.eclipse.ui.console.ConsoleView",1543078370867
activated,view,org.eclipse.wst.server.ui,1.1.208.v20110427_1739,"org.eclipse.wst.server.ui.ServersView",1543078372303
activated,view,org.eclipse.ui.console,3.5.0.v20100526,"org.eclipse.ui.console.ConsoleView",1543078375033
activated,view,org.eclipse.wst.server.ui,1.1.208.v20110427_1739,"org.eclipse.wst.server.ui.ServersView",1543078388196
deactivated,workbench,org.eclipse.ui.workbench,3.6.1.M20100826-1330,"",1543078388352
activated,workbench,org.eclipse.ui.workbench,3.6.1.M20100826-1330,"",1543078389807
activated,view,org.eclipse.ui.console,3.5.0.v20100526,"org.eclipse.ui.console.ConsoleView",1543078389824
deactivated,workbench,org.eclipse.ui.workbench,3.6.1.M20100826-1330,"",1543078394455
activated,workbench,org.eclipse.ui.workbench,3.6.1.M20100826-1330,"",1543078429481
activated,view,org.eclipse.wst.server.ui,1.1.208.v20110427_1739,"org.eclipse.wst.server.ui.ServersView",1543078429481
activated,view,org.eclipse.ui.console,3.5.0.v20100526,"org.eclipse.ui.console.ConsoleView",1543078436055
activated,editor,org.eclipse.jdt.ui,3.6.1.r361_v20100825-0800,"org.eclipse.jdt.ui.CompilationUnitEditor",1543078443326
activated,editor,org.eclipse.wst.xml.ui,1.1.104.v201103021532,"org.eclipse.wst.xml.ui.internal.tabletree.XMLMultiPageEditorPart",1543078449819
executed,command,org.eclipse.ui,3.6.1.M20100826-1330,"org.eclipse.ui.edit.undo",1543078452471
executed,command,org.eclipse.ui,3.6.1.M20100826-1330,"org.eclipse.ui.file.saveAll",1543078483738
activated,editor,org.eclipse.jdt.ui,3.6.1.r361_v20100825-0800,"org.eclipse.jdt.ui.CompilationUnitEditor",1543078487857
deactivated,workbench,org.eclipse.ui.workbench,3.6.1.M20100826-1330,"",1543078491226
activated,workbench,org.eclipse.ui.workbench,3.6.1.M20100826-1330,"",1543078492802
activated,view,org.eclipse.wst.server.ui,1.1.208.v20110427_1739,"org.eclipse.wst.server.ui.ServersView",1543078493083
activated,view,org.eclipse.ui.console,3.5.0.v20100526,"org.eclipse.ui.console.ConsoleView",1543078493956
activated,view,org.eclipse.wst.server.ui,1.1.208.v20110427_1739,"org.eclipse.wst.server.ui.ServersView",1543078507347
deactivated,workbench,org.eclipse.ui.workbench,3.6.1.M20100826-1330,"",1543078507565
activated,workbench,org.eclipse.ui.workbench,3.6.1.M20100826-1330,"",1543078509112
activated,view,org.eclipse.ui.console,3.5.0.v20100526,"org.eclipse.ui.console.ConsoleView",1543078509123
activated,editor,org.eclipse.jdt.ui,3.6.1.r361_v20100825-0800,"org.eclipse.jdt.ui.CompilationUnitEditor",1543078602237
deactivated,workbench,org.eclipse.ui.workbench,3.6.1.M20100826-1330,"",1543078620239
executed,command,org.eclipse.ui,3.6.1.M20100826-1330,"org.eclipse.ui.edit.findReplace",1543078620270
no handler,command,org.eclipse.ui,3.6.1.M20100826-1330,"org.eclipse.ui.edit.undo",1543078634162
activated,workbench,org.eclipse.ui.workbench,3.6.1.M20100826-1330,"",1543078638948
activated,editor,org.eclipse.jdt.ui,3.6.1.r361_v20100825-0800,"org.eclipse.jdt.ui.CompilationUnitEditor",1543078639790
executed,command,org.eclipse.ui,3.6.1.M20100826-1330,"org.eclipse.ui.file.save",1543078649790
activated,view,org.eclipse.ui.console,3.5.0.v20100526,"org.eclipse.ui.console.ConsoleView",1543078653397
activated,view,org.eclipse.wst.server.ui,1.1.208.v20110427_1739,"org.eclipse.wst.server.ui.ServersView",1543078655457
activated,view,org.eclipse.ui.console,3.5.0.v20100526,"org.eclipse.ui.console.ConsoleView",1543078661156
activated,editor,org.eclipse.jdt.ui,3.6.1.r361_v20100825-0800,"org.eclipse.jdt.ui.CompilationUnitEditor",1543078725384
activated,view,org.eclipse.ui.navigator.resources,3.4.201.M20100707-0800,"org.eclipse.ui.navigator.ProjectExplorer",1543078732138
activated,editor,org.eclipse.jst.jsp.ui,1.1.504.v201103231819,"org.eclipse.jst.jsp.core.jspsource.source",1543078748193
activated,view,org.eclipse.ui.console,3.5.0.v20100526,"org.eclipse.ui.console.ConsoleView",1543078751880
activated,editor,org.eclipse.jst.jsp.ui,1.1.504.v201103231819,"org.eclipse.jst.jsp.core.jspsource.source",1543078758370
deactivated,workbench,org.eclipse.ui.workbench,3.6.1.M20100826-1330,"",1543078761849
activated,workbench,org.eclipse.ui.workbench,3.6.1.M20100826-1330,"",1543078764095
activated,view,org.eclipse.wst.server.ui,1.1.208.v20110427_1739,"org.eclipse.wst.server.ui.ServersView",1543078764220
activated,view,org.eclipse.ui.console,3.5.0.v20100526,"org.eclipse.ui.console.ConsoleView",1543078765234
activated,view,org.eclipse.wst.server.ui,1.1.208.v20110427_1739,"org.eclipse.wst.server.ui.ServersView",1543078778415
deactivated,workbench,org.eclipse.ui.workbench,3.6.1.M20100826-1330,"",1543078778571
activated,workbench,org.eclipse.ui.workbench,3.6.1.M20100826-1330,"",1543078779790
activated,view,org.eclipse.ui.console,3.5.0.v20100526,"org.eclipse.ui.console.ConsoleView",1543078779796
activated,editor,org.eclipse.jst.jsp.ui,1.1.504.v201103231819,"org.eclipse.jst.jsp.core.jspsource.source",1543078785778
activated,view,org.eclipse.ui.console,3.5.0.v20100526,"org.eclipse.ui.console.ConsoleView",1543078789070
activated,view,org.eclipse.wst.server.ui,1.1.208.v20110427_1739,"org.eclipse.wst.server.ui.ServersView",1543078790443
activated,editor,org.eclipse.jst.jsp.ui,1.1.504.v201103231819,"org.eclipse.jst.jsp.core.jspsource.source",1543078791988
activated,editor,org.eclipse.jdt.ui,3.6.1.r361_v20100825-0800,"org.eclipse.jdt.ui.CompilationUnitEditor",1543078795373
activated,view,org.eclipse.ui.navigator.resources,3.4.201.M20100707-0800,"org.eclipse.ui.navigator.ProjectExplorer",1543078827828
opened,editor,org.eclipse.jst.jsp.ui,1.1.504.v201103231819,"org.eclipse.jst.jsp.core.jspsource.source",1543078852643
activated,editor,org.eclipse.jst.jsp.ui,1.1.504.v201103231819,"org.eclipse.jst.jsp.core.jspsource.source",1543078852706
activated,view,org.eclipse.ui.navigator.resources,3.4.201.M20100707-0800,"org.eclipse.ui.navigator.ProjectExplorer",1543078854375
opened,editor,org.eclipse.jst.jsp.ui,1.1.504.v201103231819,"org.eclipse.jst.jsp.core.jspsource.source",1543078854640
activated,editor,org.eclipse.jst.jsp.ui,1.1.504.v201103231819,"org.eclipse.jst.jsp.core.jspsource.source",1543078854671
activated,view,org.eclipse.ui.navigator.resources,3.4.201.M20100707-0800,"org.eclipse.ui.navigator.ProjectExplorer",1543078855904
activated,editor,org.eclipse.jst.jsp.ui,1.1.504.v201103231819,"org.eclipse.jst.jsp.core.jspsource.source",1543078856699
activated,view,org.eclipse.ui.navigator.resources,3.4.201.M20100707-0800,"org.eclipse.ui.navigator.ProjectExplorer",1543078865576
activated,editor,org.eclipse.jst.jsp.ui,1.1.504.v201103231819,"org.eclipse.jst.jsp.core.jspsource.source",1543078866964
activated,view,org.eclipse.ui.navigator.resources,3.4.201.M20100707-0800,"org.eclipse.ui.navigator.ProjectExplorer",1543078881033
activated,editor,org.eclipse.jst.jsp.ui,1.1.504.v201103231819,"org.eclipse.jst.jsp.core.jspsource.source",1543078887585
deactivated,workbench,org.eclipse.ui.workbench,3.6.1.M20100826-1330,"",1543078891048
activated,workbench,org.eclipse.ui.workbench,3.6.1.M20100826-1330,"",1543078899303
activated,view,org.eclipse.ui.console,3.5.0.v20100526,"org.eclipse.ui.console.ConsoleView",1543078900823
activated,view,org.eclipse.wst.server.ui,1.1.208.v20110427_1739,"org.eclipse.wst.server.ui.ServersView",1543078903336
activated,view,org.eclipse.ui.console,3.5.0.v20100526,"org.eclipse.ui.console.ConsoleView",1543078904358
activated,view,org.eclipse.wst.server.ui,1.1.208.v20110427_1739,"org.eclipse.wst.server.ui.ServersView",1543078916771
deactivated,workbench,org.eclipse.ui.workbench,3.6.1.M20100826-1330,"",1543078918440
activated,workbench,org.eclipse.ui.workbench,3.6.1.M20100826-1330,"",1543078920271
activated,view,org.eclipse.ui.console,3.5.0.v20100526,"org.eclipse.ui.console.ConsoleView",1543078920281
deactivated,workbench,org.eclipse.ui.workbench,3.6.1.M20100826-1330,"",1543078972601
activated,workbench,org.eclipse.ui.workbench,3.6.1.M20100826-1330,"",1543078981919
deactivated,workbench,org.eclipse.ui.workbench,3.6.1.M20100826-1330,"",1543079005131
activated,workbench,org.eclipse.ui.workbench,3.6.1.M20100826-1330,"",1543079024665
activated,view,org.eclipse.wst.server.ui,1.1.208.v20110427_1739,"org.eclipse.wst.server.ui.ServersView",1543079237004
activated,editor,org.eclipse.jst.jsp.ui,1.1.504.v201103231819,"org.eclipse.jst.jsp.core.jspsource.source",1543079239161
activated,editor,org.eclipse.jdt.ui,3.6.1.r361_v20100825-0800,"org.eclipse.jdt.ui.CompilationUnitEditor",1543079239239
activated,editor,org.eclipse.jdt.ui,3.6.1.r361_v20100825-0800,"org.eclipse.jdt.ui.CompilationUnitEditor",1543079244858
deactivated,workbench,org.eclipse.ui.workbench,3.6.1.M20100826-1330,"",1543079257919
executed,command,org.eclipse.ui,3.6.1.M20100826-1330,"org.eclipse.ui.edit.findReplace",1543079257966
activated,workbench,org.eclipse.ui.workbench,3.6.1.M20100826-1330,"",1543079278941
deactivated,workbench,org.eclipse.ui.workbench,3.6.1.M20100826-1330,"",1543079312641
executed,command,org.eclipse.ui,3.6.1.M20100826-1330,"org.eclipse.ui.edit.findReplace",1543079312672
activated,workbench,org.eclipse.ui.workbench,3.6.1.M20100826-1330,"",1543079339092
activated,editor,org.eclipse.jdt.ui,3.6.1.r361_v20100825-0800,"org.eclipse.jdt.ui.CompilationUnitEditor",1543079365703
activated,editor,org.eclipse.jdt.ui,3.6.1.r361_v20100825-0800,"org.eclipse.jdt.ui.CompilationUnitEditor",1543079369977
activated,editor,org.eclipse.jdt.ui,3.6.1.r361_v20100825-0800,"org.eclipse.jdt.ui.CompilationUnitEditor",1543079410222
executed,command,org.eclipse.jdt.ui,3.6.1.r361_v20100825-0800,"org.eclipse.jdt.ui.edit.text.java.open.editor",1543079410254
executed,command,org.eclipse.ui,3.6.1.M20100826-1330,"org.eclipse.ui.edit.undo",1543079445209
activated,editor,org.eclipse.jst.jsp.ui,1.1.504.v201103231819,"org.eclipse.jst.jsp.core.jspsource.source",1543079454325
activated,editor,org.eclipse.jst.jsp.ui,1.1.504.v201103231819,"org.eclipse.jst.jsp.core.jspsource.source",1543079455932
deactivated,workbench,org.eclipse.ui.workbench,3.6.1.M20100826-1330,"",1543079457775
activated,workbench,org.eclipse.ui.workbench,3.6.1.M20100826-1330,"",1543079457931
deactivated,workbench,org.eclipse.ui.workbench,3.6.1.M20100826-1330,"",1543079458352
activated,workbench,org.eclipse.ui.workbench,3.6.1.M20100826-1330,"",1543079478139
deactivated,workbench,org.eclipse.ui.workbench,3.6.1.M20100826-1330,"",1543079481449
activated,view,org.eclipse.search,3.6.0.v20100520-0800,"org.eclipse.search.ui.views.SearchView",1543079487332
activated,workbench,org.eclipse.ui.workbench,3.6.1.M20100826-1330,"",1543079487379
executed,command,org.eclipse.search,3.6.0.v20100520-0800,"org.eclipse.search.ui.openSearchDialog",1543079487410
deactivated,workbench,org.eclipse.ui.workbench,3.6.1.M20100826-1330,"",1543079511170
activated,workbench,org.eclipse.ui.workbench,3.6.1.M20100826-1330,"",1543079515293
executed,command,org.eclipse.search,3.6.0.v20100520-0800,"org.eclipse.search.ui.openSearchDialog",1543079515324
opened,editor,org.eclipse.wst.xml.ui,1.1.104.v201103021532,"org.eclipse.wst.xml.ui.internal.tabletree.XMLMultiPageEditorPart",1543079521879
error,log,,,"WTF: null part?!?",1543079521879
activated,editor,org.eclipse.wst.xml.ui,1.1.104.v201103021532,"org.eclipse.wst.xml.ui.internal.tabletree.XMLMultiPageEditorPart",1543079523501
deactivated,workbench,org.eclipse.ui.workbench,3.6.1.M20100826-1330,"",1543079549783
activated,view,org.eclipse.search,3.6.0.v20100520-0800,"org.eclipse.search.ui.views.SearchView",1543079556851
activated,workbench,org.eclipse.ui.workbench,3.6.1.M20100826-1330,"",1543079556898
executed,command,org.eclipse.search,3.6.0.v20100520-0800,"org.eclipse.search.ui.openSearchDialog",1543079556929
activated,editor,org.eclipse.wst.xml.ui,1.1.104.v201103021532,"org.eclipse.wst.xml.ui.internal.tabletree.XMLMultiPageEditorPart",1543079575405
activated,editor,org.eclipse.wst.xml.ui,1.1.104.v201103021532,"org.eclipse.wst.xml.ui.internal.tabletree.XMLMultiPageEditorPart",1543079588686
executed,command,org.eclipse.ui,3.6.1.M20100826-1330,"org.eclipse.ui.file.save",1543079635943
deactivated,workbench,org.eclipse.ui.workbench,3.6.1.M20100826-1330,"",1543079665937
activated,workbench,org.eclipse.ui.workbench,3.6.1.M20100826-1330,"",1543079669073
activated,editor,org.eclipse.wst.xml.ui,1.1.104.v201103021532,"org.eclipse.wst.xml.ui.internal.tabletree.XMLMultiPageEditorPart",1543079670133
executed,command,org.eclipse.ui,3.6.1.M20100826-1330,"org.eclipse.ui.edit.copy",1543079683865
executed,command,org.eclipse.ui,3.6.1.M20100826-1330,"org.eclipse.ui.edit.paste",1543079685878
executed,command,org.eclipse.ui,3.6.1.M20100826-1330,"org.eclipse.ui.file.save",1543079694603
activated,view,org.eclipse.wst.server.ui,1.1.208.v20110427_1739,"org.eclipse.wst.server.ui.ServersView",1543079697054
activated,view,org.eclipse.ui.console,3.5.0.v20100526,"org.eclipse.ui.console.ConsoleView",1543079698085
activated,view,org.eclipse.wst.server.ui,1.1.208.v20110427_1739,"org.eclipse.wst.server.ui.ServersView",1543079710970
deactivated,workbench,org.eclipse.ui.workbench,3.6.1.M20100826-1330,"",1543079716009
activated,workbench,org.eclipse.ui.workbench,3.6.1.M20100826-1330,"",1543079720672
activated,view,org.eclipse.ui.console,3.5.0.v20100526,"org.eclipse.ui.console.ConsoleView",1543079720693
deactivated,workbench,org.eclipse.ui.workbench,3.6.1.M20100826-1330,"",1543079723287
activated,workbench,org.eclipse.ui.workbench,3.6.1.M20100826-1330,"",1543079724016
deactivated,workbench,org.eclipse.ui.workbench,3.6.1.M20100826-1330,"",1543079724907
activated,workbench,org.eclipse.ui.workbench,3.6.1.M20100826-1330,"",1543079739870
deactivated,workbench,org.eclipse.ui.workbench,3.6.1.M20100826-1330,"",1543079743635
activated,workbench,org.eclipse.ui.workbench,3.6.1.M20100826-1330,"",1543079746752
